{
    "manufacturer": "lucky_studio",
    "keyboard_name": "Dilemma_3X6",
    "maintainer": "yuezp",
    "bootloader": "rp2040",
    "processor": "RP2040",
    "board": "QMK_PM2040",
    "diode_direction": "ROW2COL",
    "features": {
        "bootmagic": true,
        "extrakey": true,
        "mousekey": true,
        "nkro": true,
        "encoder": true,
        "caps_word": true,
        "digitizer": true
    },
    "indicators": {
        "caps_lock": "GP25",
        "on_state": 1
    },
    "matrix_pins": {
        "cols": ["GP10", "GP9", "GP8", "GP7", "GP6", "GP5"],
        "rows": ["GP21", "GP20", "GP19", "GP18"]
    },
    "encoder": {
        "enabled": true,
        "rotary": [
            {"pin_a": "GP16", "pin_b": "GP17"}
        ]
    },
    "split": {
        "enabled": true,
        "serial": {
            "driver": "vendor",
            "speed": 4
        },
        "matrix_pins": {
            "right": {
                "cols": ["GP10", "GP9", "GP8", "GP7", "GP6", "GP5"],
                "rows": ["GP12", "GP13", "GP17", "GP18"]
            }
        },
        "encoder": {
            "right": {
                "rotary": [
                    {"pin_a": "GP14", "pin_b": "GP16"}
                ]
            }
        },
        "transport": {
            "sync": {
                "indicators": true,
                "layer_state": true,
                "matrix_state": true,
                "modifiers": true
            }
        }
    },
    "url": "",
    "usb": {
        "device_version": "0.0.1",
        "pid": "0xBFC6",
        "vid": "0xAFC6"
    },
    "layouts": {
        "LAYOUT": {
            "layout": [
                {"matrix": [0, 0], "x":0, "y":0},
                {"matrix": [0, 1], "x":1, "y":0},
                {"matrix": [0, 2], "x":2, "y":0},
                {"matrix": [0, 3], "x":3, "y":0},
                {"matrix": [0, 4], "x":4, "y":0},
                {"matrix": [0, 5], "x":5, "y":0},
                {"matrix": [4, 0], "x":8, "y":0},
                {"matrix": [4, 1], "x":9, "y":0},
                {"matrix": [4, 2], "x":10, "y":0},
                {"matrix": [4, 3], "x":11, "y":0},
                {"matrix": [4, 4], "x":12, "y":0},
                {"matrix": [4, 5], "x":13, "y":0},
                {"matrix": [1, 0], "x":0, "y":1},
                {"matrix": [1, 1], "x":1, "y":1},
                {"matrix": [1, 2], "x":2, "y":1},
                {"matrix": [1, 3], "x":3, "y":1},
                {"matrix": [1, 4], "x":4, "y":1},
                {"matrix": [1, 5], "x":5, "y":1},
                {"matrix": [5, 0], "x":8, "y":1},
                {"matrix": [5, 1], "x":9, "y":1},
                {"matrix": [5, 2], "x":10, "y":1},
                {"matrix": [5, 3], "x":11, "y":1},
                {"matrix": [5, 4], "x":12, "y":1},
                {"matrix": [5, 5], "x":13, "y":1},
                {"matrix": [2, 0], "x":0, "y":2},
                {"matrix": [2, 1], "x":1, "y":2},
                {"matrix": [2, 2], "x":2, "y":2},
                {"matrix": [2, 3], "x":3, "y":2},
                {"matrix": [2, 4], "x":4, "y":2},
                {"matrix": [2, 5], "x":5, "y":2},
                {"matrix": [6, 0], "x":8, "y":2},
                {"matrix": [6, 1], "x":9, "y":2},
                {"matrix": [6, 2], "x":10, "y":2},
                {"matrix": [6, 3], "x":11, "y":2},
                {"matrix": [6, 4], "x":12, "y":2},
                {"matrix": [6, 5], "x":13, "y":2},
                {"matrix": [3, 2], "x":2.5, "y":4},
                {"matrix": [3, 3], "x":3.5, "y":4},
                {"matrix": [3, 4], "x":4.5, "y":4},
                {"matrix": [3, 5], "x":5.5, "y":4},
                {"matrix": [7, 0], "x":6.5, "y":4},
                {"matrix": [7, 1], "x":7.5, "y":4},
                {"matrix": [7, 2], "x":8.5, "y":4},
                {"matrix": [7, 3], "x":9.5, "y":4}
            ]
        }
    }
}